{"cameraMode":{"drawMode":0,"name":"Shaded","section":"Shading Mode"},"sceneLighting":true,"audioPlay":false,"sceneViewState":{"showFog":true,"showMaterialUpdate":true,"showSkybox":true,"showFlares":true,"showImageEffects":true,"showParticleSystems":true},"in2DMode":false,"pivot":{"x":343.40435791015627,"y":136.75271606445313,"z":-170.18507385253907},"rotation":{"x":0.12356474250555039,"y":0.016372784972190858,"z":-0.0020391165744513275,"w":0.9921993613243103},"size":345.93841552734377,"orthographic":false}